-- phpMyAdmin SQL Dump
-- version 5.2.0
-- https://www.phpmyadmin.net/
--
-- Anamakine: 127.0.0.1
-- Üretim Zamanı: 29 Kas 2023, 20:43:45
-- Sunucu sürümü: 10.4.24-MariaDB
-- PHP Sürümü: 8.1.6

SET SQL_MODE = "NO_AUTO_VALUE_ON_ZERO";
START TRANSACTION;
SET time_zone = "+00:00";


/*!40101 SET @OLD_CHARACTER_SET_CLIENT=@@CHARACTER_SET_CLIENT */;
/*!40101 SET @OLD_CHARACTER_SET_RESULTS=@@CHARACTER_SET_RESULTS */;
/*!40101 SET @OLD_COLLATION_CONNECTION=@@COLLATION_CONNECTION */;
/*!40101 SET NAMES utf8mb4 */;

--
-- Veritabanı: `juniorbest`
--

-- --------------------------------------------------------

--
-- Tablo için tablo yapısı `chat`
--

CREATE TABLE `chat` (
  `chat_id` int(11) NOT NULL,
  `chat_type` char(1) COLLATE utf8_turkish_ci NOT NULL,
  `chat_sender` int(11) NOT NULL,
  `chat_send` int(11) NOT NULL,
  `chat_date` date NOT NULL,
  `chat_content` varchar(200) COLLATE utf8_turkish_ci NOT NULL,
  `chat_view` char(1) COLLATE utf8_turkish_ci NOT NULL,
  `chat_content_type` char(1) COLLATE utf8_turkish_ci NOT NULL,
  `chat_deleted` char(1) COLLATE utf8_turkish_ci NOT NULL
) ENGINE=InnoDB DEFAULT CHARSET=utf8 COLLATE=utf8_turkish_ci;

-- --------------------------------------------------------

--
-- Tablo için tablo yapısı `city`
--

CREATE TABLE `city` (
  `id` int(11) NOT NULL,
  `city` varchar(255) COLLATE utf8_turkish_ci DEFAULT NULL
) ENGINE=InnoDB DEFAULT CHARSET=utf8 COLLATE=utf8_turkish_ci;

--
-- Tablo döküm verisi `city`
--

INSERT INTO `city` (`id`, `city`) VALUES
(1, 'ADANA'),
(2, 'ADIYAMAN'),
(3, 'AFYON'),
(4, 'AĞRI'),
(5, 'AMASYA'),
(6, 'ANKARA'),
(7, 'ANTALYA'),
(8, 'ARTVİN'),
(9, 'AYDIN'),
(10, 'BALIKESİR'),
(11, 'BİLECİK'),
(12, 'BİNGÖL'),
(13, 'BİTLİS'),
(14, 'BOLU'),
(15, 'BURDUR'),
(16, 'BURSA'),
(17, 'ÇANAKKALE'),
(18, 'ÇANKIRI'),
(19, 'ÇORUM'),
(20, 'DENİZLİ'),
(21, 'DİYARBAKIR'),
(22, 'EDİRNE'),
(23, 'ELAZIĞ'),
(24, 'ERZİNCAN'),
(25, 'ERZURUM'),
(26, 'ESKİŞEHİR'),
(27, 'GAZİANTEP'),
(28, 'GİRESUN'),
(29, 'GÜMÜŞHANE'),
(30, 'HAKKARİ'),
(31, 'HATAY'),
(32, 'ISPARTA'),
(33, 'İÇEL'),
(34, 'İSTANBUL'),
(35, 'İZMİR'),
(36, 'KARS'),
(37, 'KASTAMONU'),
(38, 'KAYSERİ'),
(39, 'KIRKLARELİ'),
(40, 'KIRŞEHİR'),
(41, 'KOCAELİ'),
(42, 'KONYA'),
(43, 'KÜTAHYA'),
(44, 'MALATYA'),
(45, 'MANİSA'),
(46, 'KAHRAMANMARAŞ'),
(47, 'MARDİN'),
(48, 'MUĞLA'),
(49, 'MUŞ'),
(50, 'NEVŞEHİR'),
(51, 'NİĞDE'),
(52, 'ORDU'),
(53, 'RİZE'),
(54, 'SAKARYA'),
(55, 'SAMSUN'),
(56, 'SİİRT'),
(57, 'SİNOP'),
(58, 'SİVAS'),
(59, 'TEKİRDAĞ'),
(60, 'TOKAT'),
(61, 'TRABZON'),
(62, 'TUNCELİ'),
(63, 'ŞANLIURFA'),
(64, 'UŞAK'),
(65, 'VAN'),
(66, 'YOZGAT'),
(67, 'ZONGULDAK'),
(68, 'AKSARAY'),
(69, 'BAYBURT'),
(70, 'KARAMAN'),
(71, 'KIRIKKALE'),
(72, 'BATMAN'),
(73, 'ŞIRNAK'),
(74, 'BARTIN'),
(75, 'ARDAHAN'),
(76, 'IĞDIR'),
(77, 'YALOVA'),
(78, 'KARABÜK'),
(79, 'KİLİS'),
(80, 'OSMANİYE'),
(81, 'DÜZCE');

-- --------------------------------------------------------

--
-- Tablo için tablo yapısı `follow`
--

CREATE TABLE `follow` (
  `follow_id` int(11) NOT NULL,
  `follow_sender` int(11) NOT NULL,
  `follow_send` int(11) NOT NULL,
  `follow_status` char(1) COLLATE utf8_turkish_ci NOT NULL,
  `follow_date` date NOT NULL,
  `follow_accept_date` date NOT NULL
) ENGINE=InnoDB DEFAULT CHARSET=utf8 COLLATE=utf8_turkish_ci;

--
-- Tablo döküm verisi `follow`
--

INSERT INTO `follow` (`follow_id`, `follow_sender`, `follow_send`, `follow_status`, `follow_date`, `follow_accept_date`) VALUES
(47, 44, 38, '1', '2023-11-24', '2023-11-24'),
(50, 40, 38, '1', '2023-11-24', '2023-11-24'),
(52, 45, 38, '1', '2023-11-24', '2023-11-24'),
(55, 38, 43, '0', '2023-11-26', '2023-11-26');

-- --------------------------------------------------------

--
-- Tablo için tablo yapısı `members`
--

CREATE TABLE `members` (
  `member_project_id` int(11) NOT NULL,
  `member_user_id` int(11) NOT NULL,
  `member_status` char(1) COLLATE utf8_turkish_ci NOT NULL,
  `member_type` varchar(55) COLLATE utf8_turkish_ci NOT NULL,
  `member_deleted` char(1) COLLATE utf8_turkish_ci NOT NULL
) ENGINE=InnoDB DEFAULT CHARSET=utf8 COLLATE=utf8_turkish_ci;

-- --------------------------------------------------------

--
-- Tablo için tablo yapısı `post`
--

CREATE TABLE `post` (
  `post_id` int(11) NOT NULL,
  `post_builder_id` int(11) NOT NULL,
  `post_description` varchar(200) COLLATE utf8_turkish_ci NOT NULL,
  `post_photos` longtext CHARACTER SET utf8mb4 COLLATE utf8mb4_bin NOT NULL CHECK (json_valid(`post_photos`)),
  `post_type` char(1) COLLATE utf8_turkish_ci NOT NULL,
  `post_date` datetime NOT NULL,
  `post_deleted` char(1) COLLATE utf8_turkish_ci NOT NULL
) ENGINE=InnoDB DEFAULT CHARSET=utf8 COLLATE=utf8_turkish_ci;

--
-- Tablo döküm verisi `post`
--

INSERT INTO `post` (`post_id`, `post_builder_id`, `post_description`, `post_photos`, `post_type`, `post_date`, `post_deleted`) VALUES
(6, 39, 'Bugün çok mutluyum nedenini sormayın bende bilmiyorum', '{\"post_photo_1\":\"../uploads/655a3894462ca-saadettin-dursun.jpg\"}', '0', '2023-11-19 00:00:00', '0'),
(9, 38, 'naber gençlik', '{\"post_photo_1\":\"../uploads/655a398517922-59632b221414a8e64b01de2948d15fc0.jpg\"}', '0', '2023-11-19 00:00:00', '0'),
(14, 38, 'günaydın gençler', '{\"post_photo_1\":\"../uploads/655a3dcdda472-f58a377da094ed7765275d2e0fa1992d.png\"}', '0', '2023-11-19 00:00:00', '0'),
(15, 38, 'heyy', '{\"post_photo_1\":\"../uploads/655a6cd9688e3-Ekran görüntüsü 2023-11-14 232524.png\"}', '0', '2023-11-19 21:15:00', '0');

-- --------------------------------------------------------

--
-- Tablo için tablo yapısı `post_comment`
--

CREATE TABLE `post_comment` (
  `post_comment_id` int(11) NOT NULL,
  `post_comment_post_id` int(11) NOT NULL,
  `post_comment_user` int(11) NOT NULL,
  `post_comment_comment` varchar(200) COLLATE utf8_turkish_ci NOT NULL,
  `post_comment_date` date NOT NULL
) ENGINE=InnoDB DEFAULT CHARSET=utf8 COLLATE=utf8_turkish_ci;

-- --------------------------------------------------------

--
-- Tablo için tablo yapısı `post_like`
--

CREATE TABLE `post_like` (
  `post_like_id` int(11) NOT NULL,
  `post_like_user` int(11) NOT NULL,
  `post_like_post_id` int(11) NOT NULL,
  `post_like_date` date NOT NULL
) ENGINE=InnoDB DEFAULT CHARSET=utf8 COLLATE=utf8_turkish_ci;

-- --------------------------------------------------------

--
-- Tablo için tablo yapısı `project`
--

CREATE TABLE `project` (
  `project_id` int(11) NOT NULL,
  `project_name` varchar(55) COLLATE utf8_turkish_ci NOT NULL,
  `project_builder` varchar(55) COLLATE utf8_turkish_ci NOT NULL,
  `project_description` varchar(200) COLLATE utf8_turkish_ci NOT NULL,
  `project_type` varchar(55) COLLATE utf8_turkish_ci NOT NULL,
  `project_date` date NOT NULL,
  `project_deleted` char(1) COLLATE utf8_turkish_ci NOT NULL,
  `project_photo` varchar(255) COLLATE utf8_turkish_ci NOT NULL
) ENGINE=InnoDB DEFAULT CHARSET=utf8 COLLATE=utf8_turkish_ci;

--
-- Tablo döküm verisi `project`
--

INSERT INTO `project` (`project_id`, `project_name`, `project_builder`, `project_description`, `project_type`, `project_date`, `project_deleted`, `project_photo`) VALUES
(2, 'JuniorBest', '38', 'Proje açıklaması', 'Yazılım', '2023-11-27', '0', '../uploads/6564e02ec3055-TEKLİF AL.png'),
(3, 'Tasarımlarca', '403', 'Tasarım projesi oluşturuyoruz bugün herkesi beklerim', 'Tasarım', '2023-11-27', '0', '../uploads/6564e1f88b47f-kitapdays.png'),
(4, 'Gizli', '38', 'Gizli olduğu için açıklama  yapamıyoruz.', 'Diğer', '2023-11-27', '0', '../uploads/6564eb67ec019-Rectangle 171 (4).png'),
(5, 'Büyük İnegöl Projesi', '38', 'Büyük İnegöl Projesi', 'Mimarlık', '2023-11-27', '0', '../uploads/6564ec5045e9e-Rectangle 172 (2).png'),
(7, 'deneme ', '40', 'bu bir deneme projesidir dikkate almayınız...', 'Yazılım', '2023-11-27', '0', '../uploads/6564fca0b1a1a-exterior-modern-residential-building.jpg');

-- --------------------------------------------------------

--
-- Tablo için tablo yapısı `tags`
--

CREATE TABLE `tags` (
  `tag_id` int(11) NOT NULL,
  `tag_name` varchar(55) COLLATE utf8_turkish_ci NOT NULL
) ENGINE=InnoDB DEFAULT CHARSET=utf8 COLLATE=utf8_turkish_ci;

--
-- Tablo döküm verisi `tags`
--

INSERT INTO `tags` (`tag_id`, `tag_name`) VALUES
(1, 'Backend'),
(2, 'Frontend'),
(3, 'Photoshop'),
(4, 'Angular'),
(5, 'Php'),
(6, 'Premier Pro');

-- --------------------------------------------------------

--
-- Tablo için tablo yapısı `town`
--

CREATE TABLE `town` (
  `id` int(11) NOT NULL,
  `town` varchar(255) COLLATE utf8_turkish_ci NOT NULL,
  `city_id` int(11) NOT NULL
) ENGINE=InnoDB DEFAULT CHARSET=utf8 COLLATE=utf8_turkish_ci;

--
-- Tablo döküm verisi `town`
--

INSERT INTO `town` (`id`, `town`, `city_id`) VALUES
(1, 'ALADAĞ', 1),
(2, 'CEYHAN', 1),
(3, 'ÇUKUROVA', 1),
(4, 'FEKE', 1),
(5, 'İMAMOĞLU', 1),
(6, 'KARAİSALI', 1),
(7, 'KARATAŞ', 1),
(8, 'KOZAN', 1),
(9, 'POZANTI', 1),
(10, 'SAİMBEYLİ', 1),
(11, 'SARIÇAM', 1),
(12, 'SEYHAN', 1),
(13, 'TUFANBEYLİ', 1),
(14, 'YUMURTALIK', 1),
(15, 'YÜREĞİR', 1),
(16, 'BESNİ', 2),
(17, 'ÇELİKHAN', 2),
(18, 'GERGER', 2),
(19, 'GÖLBAŞI', 2),
(20, 'KAHTA', 2),
(21, 'MERKEZ', 2),
(22, 'SAMSAT', 2),
(23, 'SİNCİK', 2),
(24, 'TUT', 2),
(25, 'BAŞMAKÇI', 3),
(26, 'BAYAT', 3),
(27, 'BOLVADİN', 3),
(28, 'ÇAY', 3),
(29, 'ÇOBANLAR', 3),
(30, 'DAZKIRI', 3),
(31, 'DİNAR', 3),
(32, 'EMİRDAĞ', 3),
(33, 'EVCİLER', 3),
(34, 'HOCALAR', 3),
(35, 'İHSANİYE', 3),
(36, 'İSCEHİSAR', 3),
(37, 'KIZILÖREN', 3),
(38, 'MERKEZ', 3),
(39, 'SANDIKLI', 3),
(40, 'SİNANPAŞA', 3),
(41, 'SULTANDAĞI', 3),
(42, 'ŞUHUT', 3),
(43, 'DİYADİN', 4),
(44, 'DOĞUBAYAZIT', 4),
(45, 'ELEŞKİRT', 4),
(46, 'HAMUR', 4),
(47, 'MERKEZ', 4),
(48, 'PATNOS', 4),
(49, 'TAŞLIÇAY', 4),
(50, 'TUTAK', 4),
(51, 'AĞAÇÖREN', 68),
(52, 'ESKİL', 68),
(53, 'GÜLAĞAÇ', 68),
(54, 'GÜZELYURT', 68),
(55, 'MERKEZ', 68),
(56, 'ORTAKÖY', 68),
(57, 'SARIYAHŞİ', 68),
(58, 'SULTANHANI', 68),
(59, 'GÖYNÜCEK', 5),
(60, 'GÜMÜŞHACIKÖY', 5),
(61, 'HAMAMÖZÜ', 5),
(62, 'MERKEZ', 5),
(63, 'MERZİFON', 5),
(64, 'SULUOVA', 5),
(65, 'TAŞOVA', 5),
(66, 'AKYURT', 6),
(67, 'ALTINDAĞ', 6),
(68, 'AYAŞ', 6),
(69, 'BALA', 6),
(70, 'BEYPAZARI', 6),
(71, 'ÇAMLIDERE', 6),
(72, 'ÇANKAYA', 6),
(73, 'ÇUBUK', 6),
(74, 'ELMADAĞ', 6),
(75, 'ETİMESGUT', 6),
(76, 'EVREN', 6),
(77, 'GÖLBAŞI', 6),
(78, 'GÜDÜL', 6),
(79, 'HAYMANA', 6),
(80, 'KAHRAMANKAZAN', 6),
(81, 'KALECİK', 6),
(82, 'KEÇİÖREN', 6),
(83, 'KIZILCAHAMAM', 6),
(84, 'MAMAK', 6),
(85, 'NALLIHAN', 6),
(86, 'POLATLI', 6),
(87, 'PURSAKLAR', 6),
(88, 'SİNCAN', 6),
(89, 'ŞEREFLİKOÇHİSAR', 6),
(90, 'YENİMAHALLE', 6),
(91, 'AKSEKİ', 7),
(92, 'AKSU', 7),
(93, 'ALANYA', 7),
(94, 'DEMRE', 7),
(95, 'DÖŞEMEALTI', 7),
(96, 'ELMALI', 7),
(97, 'FİNİKE', 7),
(98, 'GAZİPAŞA', 7),
(99, 'GÜNDOĞMUŞ', 7),
(100, 'İBRADI', 7),
(101, 'KAŞ', 7),
(102, 'KEMER', 7),
(103, 'KEPEZ', 7),
(104, 'KONYAALTI', 7),
(105, 'KORKUTELİ', 7),
(106, 'KUMLUCA', 7),
(107, 'MANAVGAT', 7),
(108, 'MURATPAŞA', 7),
(109, 'SERİK', 7),
(110, 'ÇILDIR', 75),
(111, 'DAMAL', 75),
(112, 'GÖLE', 75),
(113, 'HANAK', 75),
(114, 'MERKEZ', 75),
(115, 'POSOF', 75),
(116, 'ARDANUÇ', 8),
(117, 'ARHAVİ', 8),
(118, 'BORÇKA', 8),
(119, 'HOPA', 8),
(120, 'KEMALPAŞA', 8),
(121, 'MERKEZ', 8),
(122, 'MURGUL', 8),
(123, 'ŞAVŞAT', 8),
(124, 'YUSUFELİ', 8),
(125, 'BOZDOĞAN', 9),
(126, 'BUHARKENT', 9),
(127, 'ÇİNE', 9),
(128, 'DİDİM', 9),
(129, 'EFELER', 9),
(130, 'GERMENCİK', 9),
(131, 'İNCİRLİOVA', 9),
(132, 'KARACASU', 9),
(133, 'KARPUZLU', 9),
(134, 'KOÇARLI', 9),
(135, 'KÖŞK', 9),
(136, 'KUŞADASI', 9),
(137, 'KUYUCAK', 9),
(138, 'NAZİLLİ', 9),
(139, 'SÖKE', 9),
(140, 'SULTANHİSAR', 9),
(141, 'YENİPAZAR', 9),
(142, 'ALTIEYLÜL', 10),
(143, 'AYVALIK', 10),
(144, 'BALYA', 10),
(145, 'BANDIRMA', 10),
(146, 'BİGADİÇ', 10),
(147, 'BURHANİYE', 10),
(148, 'DURSUNBEY', 10),
(149, 'EDREMİT', 10),
(150, 'ERDEK', 10),
(151, 'GÖMEÇ', 10),
(152, 'GÖNEN', 10),
(153, 'HAVRAN', 10),
(154, 'İVRİNDİ', 10),
(155, 'KARESİ', 10),
(156, 'KEPSUT', 10),
(157, 'MANYAS', 10),
(158, 'MARMARA', 10),
(159, 'SAVAŞTEPE', 10),
(160, 'SINDIRGI', 10),
(161, 'SUSURLUK', 10),
(162, 'AMASRA', 74),
(163, 'KURUCAŞİLE', 74),
(164, 'MERKEZ', 74),
(165, 'ULUS', 74),
(166, 'BEŞİRİ', 72),
(167, 'GERCÜŞ', 72),
(168, 'HASANKEYF', 72),
(169, 'KOZLUK', 72),
(170, 'MERKEZ', 72),
(171, 'SASON', 72),
(172, 'AYDINTEPE', 69),
(173, 'DEMİRÖZÜ', 69),
(174, 'MERKEZ', 69),
(175, 'BOZÜYÜK', 11),
(176, 'GÖLPAZARI', 11),
(177, 'İNHİSAR', 11),
(178, 'MERKEZ', 11),
(179, 'OSMANELİ', 11),
(180, 'PAZARYERİ', 11),
(181, 'SÖĞÜT', 11),
(182, 'YENİPAZAR', 11),
(183, 'ADAKLI', 12),
(184, 'GENÇ', 12),
(185, 'KARLIOVA', 12),
(186, 'KİĞI', 12),
(187, 'MERKEZ', 12),
(188, 'SOLHAN', 12),
(189, 'YAYLADERE', 12),
(190, 'YEDİSU', 12),
(191, 'ADİLCEVAZ', 13),
(192, 'AHLAT', 13),
(193, 'GÜROYMAK', 13),
(194, 'HİZAN', 13),
(195, 'MERKEZ', 13),
(196, 'MUTKİ', 13),
(197, 'TATVAN', 13),
(198, 'DÖRTDİVAN', 14),
(199, 'GEREDE', 14),
(200, 'GÖYNÜK', 14),
(201, 'KIBRISCIK', 14),
(202, 'MENGEN', 14),
(203, 'MERKEZ', 14),
(204, 'MUDURNU', 14),
(205, 'SEBEN', 14),
(206, 'YENİÇAĞA', 14),
(207, 'AĞLASUN', 15),
(208, 'ALTINYAYLA', 15),
(209, 'BUCAK', 15),
(210, 'ÇAVDIR', 15),
(211, 'ÇELTİKÇİ', 15),
(212, 'GÖLHİSAR', 15),
(213, 'KARAMANLI', 15),
(214, 'KEMER', 15),
(215, 'MERKEZ', 15),
(216, 'TEFENNİ', 15),
(217, 'YEŞİLOVA', 15),
(218, 'BÜYÜKORHAN', 16),
(219, 'GEMLİK', 16),
(220, 'GÜRSU', 16),
(221, 'HARMANCIK', 16),
(222, 'İNEGÖL', 16),
(223, 'İZNİK', 16),
(224, 'KARACABEY', 16),
(225, 'KELES', 16),
(226, 'KESTEL', 16),
(227, 'MUDANYA', 16),
(228, 'MUSTAFAKEMALPAŞA', 16),
(229, 'NİLÜFER', 16),
(230, 'ORHANELİ', 16),
(231, 'ORHANGAZİ', 16),
(232, 'OSMANGAZİ', 16),
(233, 'YENİŞEHİR', 16),
(234, 'YILDIRIM', 16),
(235, 'AYVACIK', 17),
(236, 'BAYRAMİÇ', 17),
(237, 'BİGA', 17),
(238, 'BOZCAADA', 17),
(239, 'ÇAN', 17),
(240, 'ECEABAT', 17),
(241, 'EZİNE', 17),
(242, 'GELİBOLU', 17),
(243, 'GÖKÇEADA', 17),
(244, 'LAPSEKİ', 17),
(245, 'MERKEZ', 17),
(246, 'YENİCE', 17),
(247, 'ATKARACALAR', 18),
(248, 'BAYRAMÖREN', 18),
(249, 'ÇERKEŞ', 18),
(250, 'ELDİVAN', 18),
(251, 'ILGAZ', 18),
(252, 'KIZILIRMAK', 18),
(253, 'KORGUN', 18),
(254, 'KURŞUNLU', 18),
(255, 'MERKEZ', 18),
(256, 'ORTA', 18),
(257, 'ŞABANÖZÜ', 18),
(258, 'YAPRAKLI', 18),
(259, 'ALACA', 19),
(260, 'BAYAT', 19),
(261, 'BOĞAZKALE', 19),
(262, 'DODURGA', 19),
(263, 'İSKİLİP', 19),
(264, 'KARGI', 19),
(265, 'LAÇİN', 19),
(266, 'MECİTÖZÜ', 19),
(267, 'MERKEZ', 19),
(268, 'OĞUZLAR', 19),
(269, 'ORTAKÖY', 19),
(270, 'OSMANCIK', 19),
(271, 'SUNGURLU', 19),
(272, 'UĞURLUDAĞ', 19),
(273, 'ACIPAYAM', 20),
(274, 'BABADAĞ', 20),
(275, 'BAKLAN', 20),
(276, 'BEKİLLİ', 20),
(277, 'BEYAĞAÇ', 20),
(278, 'BOZKURT', 20),
(279, 'BULDAN', 20),
(280, 'ÇAL', 20),
(281, 'ÇAMELİ', 20),
(282, 'ÇARDAK', 20),
(283, 'ÇİVRİL', 20),
(284, 'GÜNEY', 20),
(285, 'HONAZ', 20),
(286, 'KALE', 20),
(287, 'MERKEZEFENDİ', 20),
(288, 'PAMUKKALE', 20),
(289, 'SARAYKÖY', 20),
(290, 'SERİNHİSAR', 20),
(291, 'TAVAS', 20),
(292, 'BAĞLAR', 21),
(293, 'BİSMİL', 21),
(294, 'ÇERMİK', 21),
(295, 'ÇINAR', 21),
(296, 'ÇÜNGÜŞ', 21),
(297, 'DİCLE', 21),
(298, 'EĞİL', 21),
(299, 'ERGANİ', 21),
(300, 'HANİ', 21),
(301, 'HAZRO', 21),
(302, 'KAYAPINAR', 21),
(303, 'KOCAKÖY', 21),
(304, 'KULP', 21),
(305, 'LİCE', 21),
(306, 'SİLVAN', 21),
(307, 'SUR', 21),
(308, 'YENİŞEHİR', 21),
(309, 'AKÇAKOCA', 81),
(310, 'CUMAYERİ', 81),
(311, 'ÇİLİMLİ', 81),
(312, 'GÖLYAKA', 81),
(313, 'GÜMÜŞOVA', 81),
(314, 'KAYNAŞLI', 81),
(315, 'MERKEZ', 81),
(316, 'YIĞILCA', 81),
(317, 'ENEZ', 22),
(318, 'HAVSA', 22),
(319, 'İPSALA', 22),
(320, 'KEŞAN', 22),
(321, 'LALAPAŞA', 22),
(322, 'MERİÇ', 22),
(323, 'MERKEZ', 22),
(324, 'SÜLOĞLU', 22),
(325, 'UZUNKÖPRÜ', 22),
(326, 'AĞIN', 23),
(327, 'ALACAKAYA', 23),
(328, 'ARICAK', 23),
(329, 'BASKİL', 23),
(330, 'KARAKOÇAN', 23),
(331, 'KEBAN', 23),
(332, 'KOVANCILAR', 23),
(333, 'MADEN', 23),
(334, 'MERKEZ', 23),
(335, 'PALU', 23),
(336, 'SİVRİCE', 23),
(337, 'ÇAYIRLI', 24),
(338, 'İLİÇ', 24),
(339, 'KEMAH', 24),
(340, 'KEMALİYE', 24),
(341, 'MERKEZ', 24),
(342, 'OTLUKBELİ', 24),
(343, 'REFAHİYE', 24),
(344, 'TERCAN', 24),
(345, 'ÜZÜMLÜ', 24),
(346, 'AŞKALE', 25),
(347, 'AZİZİYE', 25),
(348, 'ÇAT', 25),
(349, 'HINIS', 25),
(350, 'HORASAN', 25),
(351, 'İSPİR', 25),
(352, 'KARAÇOBAN', 25),
(353, 'KARAYAZI', 25),
(354, 'KÖPRÜKÖY', 25),
(355, 'NARMAN', 25),
(356, 'OLTU', 25),
(357, 'OLUR', 25),
(358, 'PALANDÖKEN', 25),
(359, 'PASİNLER', 25),
(360, 'PAZARYOLU', 25),
(361, 'ŞENKAYA', 25),
(362, 'TEKMAN', 25),
(363, 'TORTUM', 25),
(364, 'UZUNDERE', 25),
(365, 'YAKUTİYE', 25),
(366, 'ALPU', 26),
(367, 'BEYLİKOVA', 26),
(368, 'ÇİFTELER', 26),
(369, 'GÜNYÜZÜ', 26),
(370, 'HAN', 26),
(371, 'İNÖNÜ', 26),
(372, 'MAHMUDİYE', 26),
(373, 'MİHALGAZİ', 26),
(374, 'MİHALIÇÇIK', 26),
(375, 'ODUNPAZARI', 26),
(376, 'SARICAKAYA', 26),
(377, 'SEYİTGAZİ', 26),
(378, 'SİVRİHİSAR', 26),
(379, 'TEPEBAŞI', 26),
(380, 'ARABAN', 27),
(381, 'İSLAHİYE', 27),
(382, 'KARKAMIŞ', 27),
(383, 'NİZİP', 27),
(384, 'NURDAĞI', 27),
(385, 'OĞUZELİ', 27),
(386, 'ŞAHİNBEY', 27),
(387, 'ŞEHİTKAMİL', 27),
(388, 'YAVUZELİ', 27),
(389, 'ALUCRA', 28),
(390, 'BULANCAK', 28),
(391, 'ÇAMOLUK', 28),
(392, 'ÇANAKÇI', 28),
(393, 'DERELİ', 28),
(394, 'DOĞANKENT', 28),
(395, 'ESPİYE', 28),
(396, 'EYNESİL', 28),
(397, 'GÖRELE', 28),
(398, 'GÜCE', 28),
(399, 'KEŞAP', 28),
(400, 'MERKEZ', 28),
(401, 'PİRAZİZ', 28),
(402, 'ŞEBİNKARAHİSAR', 28),
(403, 'TİREBOLU', 28),
(404, 'YAĞLIDERE', 28),
(405, 'KELKİT', 29),
(406, 'KÖSE', 29),
(407, 'KÜRTÜN', 29),
(408, 'MERKEZ', 29),
(409, 'ŞİRAN', 29),
(410, 'TORUL', 29),
(411, 'ÇUKURCA', 30),
(412, 'DERECİK', 30),
(413, 'MERKEZ', 30),
(414, 'ŞEMDİNLİ', 30),
(415, 'YÜKSEKOVA', 30),
(416, 'ALTINÖZÜ', 31),
(417, 'ANTAKYA', 31),
(418, 'ARSUZ', 31),
(419, 'BELEN', 31),
(420, 'DEFNE', 31),
(421, 'DÖRTYOL', 31),
(422, 'ERZİN', 31),
(423, 'HASSA', 31),
(424, 'İSKENDERUN', 31),
(425, 'KIRIKHAN', 31),
(426, 'KUMLU', 31),
(427, 'PAYAS', 31),
(428, 'REYHANLI', 31),
(429, 'SAMANDAĞ', 31),
(430, 'YAYLADAĞI', 31),
(431, 'ARALIK', 76),
(432, 'KARAKOYUNLU', 76),
(433, 'MERKEZ', 76),
(434, 'TUZLUCA', 76),
(435, 'AKSU', 32),
(436, 'ATABEY', 32),
(437, 'EĞİRDİR', 32),
(438, 'GELENDOST', 32),
(439, 'GÖNEN', 32),
(440, 'KEÇİBORLU', 32),
(441, 'MERKEZ', 32),
(442, 'SENİRKENT', 32),
(443, 'SÜTÇÜLER', 32),
(444, 'ŞARKİKARAAĞAÇ', 32),
(445, 'ULUBORLU', 32),
(446, 'YALVAÇ', 32),
(447, 'YENİŞARBADEMLİ', 32),
(448, 'ADALAR', 34),
(449, 'ARNAVUTKÖY', 34),
(450, 'ATAŞEHİR', 34),
(451, 'AVCILAR', 34),
(452, 'BAĞCILAR', 34),
(453, 'BAHÇELİEVLER', 34),
(454, 'BAKIRKÖY', 34),
(455, 'BAŞAKŞEHİR', 34),
(456, 'BAYRAMPAŞA', 34),
(457, 'BEŞİKTAŞ', 34),
(458, 'BEYKOZ', 34),
(459, 'BEYLİKDÜZÜ', 34),
(460, 'BEYOĞLU', 34),
(461, 'BÜYÜKÇEKMECE', 34),
(462, 'ÇATALCA', 34),
(463, 'ÇEKMEKÖY', 34),
(464, 'ESENLER', 34),
(465, 'ESENYURT', 34),
(466, 'EYÜPSULTAN', 34),
(467, 'FATİH', 34),
(468, 'GAZİOSMANPAŞA', 34),
(469, 'GÜNGÖREN', 34),
(470, 'KADIKÖY', 34),
(471, 'KAĞITHANE', 34),
(472, 'KARTAL', 34),
(473, 'KÜÇÜKÇEKMECE', 34),
(474, 'MALTEPE', 34),
(475, 'PENDİK', 34),
(476, 'SANCAKTEPE', 34),
(477, 'SARIYER', 34),
(478, 'SİLİVRİ', 34),
(479, 'SULTANBEYLİ', 34),
(480, 'SULTANGAZİ', 34),
(481, 'ŞİLE', 34),
(482, 'ŞİŞLİ', 34),
(483, 'TUZLA', 34),
(484, 'ÜMRANİYE', 34),
(485, 'ÜSKÜDAR', 34),
(486, 'ZEYTİNBURNU', 34),
(487, 'ALİAĞA', 35),
(488, 'BALÇOVA', 35),
(489, 'BAYINDIR', 35),
(490, 'BAYRAKLI', 35),
(491, 'BERGAMA', 35),
(492, 'BEYDAĞ', 35),
(493, 'BORNOVA', 35),
(494, 'BUCA', 35),
(495, 'ÇEŞME', 35),
(496, 'ÇİĞLİ', 35),
(497, 'DİKİLİ', 35),
(498, 'FOÇA', 35),
(499, 'GAZİEMİR', 35),
(500, 'GÜZELBAHÇE', 35),
(501, 'KARABAĞLAR', 35),
(502, 'KARABURUN', 35),
(503, 'KARŞIYAKA', 35),
(504, 'KEMALPAŞA', 35),
(505, 'KINIK', 35),
(506, 'KİRAZ', 35),
(507, 'KONAK', 35),
(508, 'MENDERES', 35),
(509, 'MENEMEN', 35),
(510, 'NARLIDERE', 35),
(511, 'ÖDEMİŞ', 35),
(512, 'SEFERİHİSAR', 35),
(513, 'SELÇUK', 35),
(514, 'TİRE', 35),
(515, 'TORBALI', 35),
(516, 'URLA', 35),
(517, 'AFŞİN', 46),
(518, 'ANDIRIN', 46),
(519, 'ÇAĞLAYANCERİT', 46),
(520, 'DULKADİROĞLU', 46),
(521, 'EKİNÖZÜ', 46),
(522, 'ELBİSTAN', 46),
(523, 'GÖKSUN', 46),
(524, 'NURHAK', 46),
(525, 'ONİKİŞUBAT', 46),
(526, 'PAZARCIK', 46),
(527, 'TÜRKOĞLU', 46),
(528, 'EFLANİ', 78),
(529, 'ESKİPAZAR', 78),
(530, 'MERKEZ', 78),
(531, 'OVACIK', 78),
(532, 'SAFRANBOLU', 78),
(533, 'YENİCE', 78),
(534, 'AYRANCI', 70),
(535, 'BAŞYAYLA', 70),
(536, 'ERMENEK', 70),
(537, 'KAZIMKARABEKİR', 70),
(538, 'MERKEZ', 70),
(539, 'SARIVELİLER', 70),
(540, 'AKYAKA', 36),
(541, 'ARPAÇAY', 36),
(542, 'DİGOR', 36),
(543, 'KAĞIZMAN', 36),
(544, 'MERKEZ', 36),
(545, 'SARIKAMIŞ', 36),
(546, 'SELİM', 36),
(547, 'SUSUZ', 36),
(548, 'ABANA', 37),
(549, 'AĞLI', 37),
(550, 'ARAÇ', 37),
(551, 'AZDAVAY', 37),
(552, 'BOZKURT', 37),
(553, 'CİDE', 37),
(554, 'ÇATALZEYTİN', 37),
(555, 'DADAY', 37),
(556, 'DEVREKANİ', 37),
(557, 'DOĞANYURT', 37),
(558, 'HANÖNÜ', 37),
(559, 'İHSANGAZİ', 37),
(560, 'İNEBOLU', 37),
(561, 'KÜRE', 37),
(562, 'MERKEZ', 37),
(563, 'PINARBAŞI', 37),
(564, 'SEYDİLER', 37),
(565, 'ŞENPAZAR', 37),
(566, 'TAŞKÖPRÜ', 37),
(567, 'TOSYA', 37),
(568, 'AKKIŞLA', 38),
(569, 'BÜNYAN', 38),
(570, 'DEVELİ', 38),
(571, 'FELAHİYE', 38),
(572, 'HACILAR', 38),
(573, 'İNCESU', 38),
(574, 'KOCASİNAN', 38),
(575, 'MELİKGAZİ', 38),
(576, 'ÖZVATAN', 38),
(577, 'PINARBAŞI', 38),
(578, 'SARIOĞLAN', 38),
(579, 'SARIZ', 38),
(580, 'TALAS', 38),
(581, 'TOMARZA', 38),
(582, 'YAHYALI', 38),
(583, 'YEŞİLHİSAR', 38),
(584, 'BAHŞILI', 71),
(585, 'BALIŞEYH', 71),
(586, 'ÇELEBİ', 71),
(587, 'DELİCE', 71),
(588, 'KARAKEÇİLİ', 71),
(589, 'KESKİN', 71),
(590, 'MERKEZ', 71),
(591, 'SULAKYURT', 71),
(592, 'YAHŞİHAN', 71),
(593, 'BABAESKİ', 39),
(594, 'DEMİRKÖY', 39),
(595, 'KOFÇAZ', 39),
(596, 'LÜLEBURGAZ', 39),
(597, 'MERKEZ', 39),
(598, 'PEHLİVANKÖY', 39),
(599, 'PINARHİSAR', 39),
(600, 'VİZE', 39),
(601, 'AKÇAKENT', 40),
(602, 'AKPINAR', 40),
(603, 'BOZTEPE', 40),
(604, 'ÇİÇEKDAĞI', 40),
(605, 'KAMAN', 40),
(606, 'MERKEZ', 40),
(607, 'MUCUR', 40),
(608, 'ELBEYLİ', 79),
(609, 'MERKEZ', 79),
(610, 'MUSABEYLİ', 79),
(611, 'POLATELİ', 79),
(612, 'BAŞİSKELE', 41),
(613, 'ÇAYIROVA', 41),
(614, 'DARICA', 41),
(615, 'DERİNCE', 41),
(616, 'DİLOVASI', 41),
(617, 'GEBZE', 41),
(618, 'GÖLCÜK', 41),
(619, 'İZMİT', 41),
(620, 'KANDIRA', 41),
(621, 'KARAMÜRSEL', 41),
(622, 'KARTEPE', 41),
(623, 'KÖRFEZ', 41),
(624, 'AHIRLI', 42),
(625, 'AKÖREN', 42),
(626, 'AKŞEHİR', 42),
(627, 'ALTINEKİN', 42),
(628, 'BEYŞEHİR', 42),
(629, 'BOZKIR', 42),
(630, 'CİHANBEYLİ', 42),
(631, 'ÇELTİK', 42),
(632, 'ÇUMRA', 42),
(633, 'DERBENT', 42),
(634, 'DEREBUCAK', 42),
(635, 'DOĞANHİSAR', 42),
(636, 'EMİRGAZİ', 42),
(637, 'EREĞLİ', 42),
(638, 'GÜNEYSINIR', 42),
(639, 'HADİM', 42),
(640, 'HALKAPINAR', 42),
(641, 'HÜYÜK', 42),
(642, 'ILGIN', 42),
(643, 'KADINHANI', 42),
(644, 'KARAPINAR', 42),
(645, 'KARATAY', 42),
(646, 'KULU', 42),
(647, 'MERAM', 42),
(648, 'SARAYÖNÜ', 42),
(649, 'SELÇUKLU', 42),
(650, 'SEYDİŞEHİR', 42),
(651, 'TAŞKENT', 42),
(652, 'TUZLUKÇU', 42),
(653, 'YALIHÜYÜK', 42),
(654, 'YUNAK', 42),
(655, 'ALTINTAŞ', 43),
(656, 'ASLANAPA', 43),
(657, 'ÇAVDARHİSAR', 43),
(658, 'DOMANİÇ', 43),
(659, 'DUMLUPINAR', 43),
(660, 'EMET', 43),
(661, 'GEDİZ', 43),
(662, 'HİSARCIK', 43),
(663, 'MERKEZ', 43),
(664, 'PAZARLAR', 43),
(665, 'SİMAV', 43),
(666, 'ŞAPHANE', 43),
(667, 'TAVŞANLI', 43),
(668, 'AKÇADAĞ', 44),
(669, 'ARAPGİR', 44),
(670, 'ARGUVAN', 44),
(671, 'BATTALGAZİ', 44),
(672, 'DARENDE', 44),
(673, 'DOĞANŞEHİR', 44),
(674, 'DOĞANYOL', 44),
(675, 'HEKİMHAN', 44),
(676, 'KALE', 44),
(677, 'KULUNCAK', 44),
(678, 'PÜTÜRGE', 44),
(679, 'YAZIHAN', 44),
(680, 'YEŞİLYURT', 44),
(681, 'AHMETLİ', 45),
(682, 'AKHİSAR', 45),
(683, 'ALAŞEHİR', 45),
(684, 'DEMİRCİ', 45),
(685, 'GÖLMARMARA', 45),
(686, 'GÖRDES', 45),
(687, 'KIRKAĞAÇ', 45),
(688, 'KÖPRÜBAŞI', 45),
(689, 'KULA', 45),
(690, 'SALİHLİ', 45),
(691, 'SARIGÖL', 45),
(692, 'SARUHANLI', 45),
(693, 'SELENDİ', 45),
(694, 'SOMA', 45),
(695, 'ŞEHZADELER', 45),
(696, 'TURGUTLU', 45),
(697, 'YUNUSEMRE', 45),
(698, 'ARTUKLU', 47),
(699, 'DARGEÇİT', 47),
(700, 'DERİK', 47),
(701, 'KIZILTEPE', 47),
(702, 'MAZIDAĞI', 47),
(703, 'MİDYAT', 47),
(704, 'NUSAYBİN', 47),
(705, 'ÖMERLİ', 47),
(706, 'SAVUR', 47),
(707, 'YEŞİLLİ', 47),
(708, 'AKDENİZ', 33),
(709, 'ANAMUR', 33),
(710, 'AYDINCIK', 33),
(711, 'BOZYAZI', 33),
(712, 'ÇAMLIYAYLA', 33),
(713, 'ERDEMLİ', 33),
(714, 'GÜLNAR', 33),
(715, 'MEZİTLİ', 33),
(716, 'MUT', 33),
(717, 'SİLİFKE', 33),
(718, 'TARSUS', 33),
(719, 'TOROSLAR', 33),
(720, 'YENİŞEHİR', 33),
(721, 'BODRUM', 48),
(722, 'DALAMAN', 48),
(723, 'DATÇA', 48),
(724, 'FETHİYE', 48),
(725, 'KAVAKLIDERE', 48),
(726, 'KÖYCEĞİZ', 48),
(727, 'MARMARİS', 48),
(728, 'MENTEŞE', 48),
(729, 'MİLAS', 48),
(730, 'ORTACA', 48),
(731, 'SEYDİKEMER', 48),
(732, 'ULA', 48),
(733, 'YATAĞAN', 48),
(734, 'BULANIK', 49),
(735, 'HASKÖY', 49),
(736, 'KORKUT', 49),
(737, 'MALAZGİRT', 49),
(738, 'MERKEZ', 49),
(739, 'VARTO', 49),
(740, 'ACIGÖL', 50),
(741, 'AVANOS', 50),
(742, 'DERİNKUYU', 50),
(743, 'GÜLŞEHİR', 50),
(744, 'HACIBEKTAŞ', 50),
(745, 'KOZAKLI', 50),
(746, 'MERKEZ', 50),
(747, 'ÜRGÜP', 50),
(748, 'ALTUNHİSAR', 51),
(749, 'BOR', 51),
(750, 'ÇAMARDI', 51),
(751, 'ÇİFTLİK', 51),
(752, 'MERKEZ', 51),
(753, 'ULUKIŞLA', 51),
(754, 'AKKUŞ', 52),
(755, 'ALTINORDU', 52),
(756, 'AYBASTI', 52),
(757, 'ÇAMAŞ', 52),
(758, 'ÇATALPINAR', 52),
(759, 'ÇAYBAŞI', 52),
(760, 'FATSA', 52),
(761, 'GÖLKÖY', 52),
(762, 'GÜLYALI', 52),
(763, 'GÜRGENTEPE', 52),
(764, 'İKİZCE', 52),
(765, 'KABADÜZ', 52),
(766, 'KABATAŞ', 52),
(767, 'KORGAN', 52),
(768, 'KUMRU', 52),
(769, 'MESUDİYE', 52),
(770, 'PERŞEMBE', 52),
(771, 'ULUBEY', 52),
(772, 'ÜNYE', 52),
(773, 'BAHÇE', 80),
(774, 'DÜZİÇİ', 80),
(775, 'HASANBEYLİ', 80),
(776, 'KADİRLİ', 80),
(777, 'MERKEZ', 80),
(778, 'SUMBAS', 80),
(779, 'TOPRAKKALE', 80),
(780, 'ARDEŞEN', 53),
(781, 'ÇAMLIHEMŞİN', 53),
(782, 'ÇAYELİ', 53),
(783, 'DEREPAZARI', 53),
(784, 'FINDIKLI', 53),
(785, 'GÜNEYSU', 53),
(786, 'HEMŞİN', 53),
(787, 'İKİZDERE', 53),
(788, 'İYİDERE', 53),
(789, 'KALKANDERE', 53),
(790, 'MERKEZ', 53),
(791, 'PAZAR', 53),
(792, 'ADAPAZARI', 54),
(793, 'AKYAZI', 54),
(794, 'ARİFİYE', 54),
(795, 'ERENLER', 54),
(796, 'FERİZLİ', 54),
(797, 'GEYVE', 54),
(798, 'HENDEK', 54),
(799, 'KARAPÜRÇEK', 54),
(800, 'KARASU', 54),
(801, 'KAYNARCA', 54),
(802, 'KOCAALİ', 54),
(803, 'PAMUKOVA', 54),
(804, 'SAPANCA', 54),
(805, 'SERDİVAN', 54),
(806, 'SÖĞÜTLÜ', 54),
(807, 'TARAKLI', 54),
(808, '19 MAYIS', 55),
(809, 'ALAÇAM', 55),
(810, 'ASARCIK', 55),
(811, 'ATAKUM', 55),
(812, 'AYVACIK', 55),
(813, 'BAFRA', 55),
(814, 'CANİK', 55),
(815, 'ÇARŞAMBA', 55),
(816, 'HAVZA', 55),
(817, 'İLKADIM', 55),
(818, 'KAVAK', 55),
(819, 'LADİK', 55),
(820, 'SALIPAZARI', 55),
(821, 'TEKKEKÖY', 55),
(822, 'TERME', 55),
(823, 'VEZİRKÖPRÜ', 55),
(824, 'YAKAKENT', 55),
(825, 'BAYKAN', 56),
(826, 'ERUH', 56),
(827, 'KURTALAN', 56),
(828, 'MERKEZ', 56),
(829, 'PERVARİ', 56),
(830, 'ŞİRVAN', 56),
(831, 'TİLLO', 56),
(832, 'AYANCIK', 57),
(833, 'BOYABAT', 57),
(834, 'DİKMEN', 57),
(835, 'DURAĞAN', 57),
(836, 'ERFELEK', 57),
(837, 'GERZE', 57),
(838, 'MERKEZ', 57),
(839, 'SARAYDÜZÜ', 57),
(840, 'TÜRKELİ', 57),
(841, 'AKINCILAR', 58),
(842, 'ALTINYAYLA', 58),
(843, 'DİVRİĞİ', 58),
(844, 'DOĞANŞAR', 58),
(845, 'GEMEREK', 58),
(846, 'GÖLOVA', 58),
(847, 'GÜRÜN', 58),
(848, 'HAFİK', 58),
(849, 'İMRANLI', 58),
(850, 'KANGAL', 58),
(851, 'KOYULHİSAR', 58),
(852, 'MERKEZ', 58),
(853, 'SUŞEHRİ', 58),
(854, 'ŞARKIŞLA', 58),
(855, 'ULAŞ', 58),
(856, 'YILDIZELİ', 58),
(857, 'ZARA', 58),
(858, 'AKÇAKALE', 63),
(859, 'BİRECİK', 63),
(860, 'BOZOVA', 63),
(861, 'CEYLANPINAR', 63),
(862, 'EYYÜBİYE', 63),
(863, 'HALFETİ', 63),
(864, 'HALİLİYE', 63),
(865, 'HARRAN', 63),
(866, 'HİLVAN', 63),
(867, 'KARAKÖPRÜ', 63),
(868, 'SİVEREK', 63),
(869, 'SURUÇ', 63),
(870, 'VİRANŞEHİR', 63),
(871, 'BEYTÜŞŞEBAP', 73),
(872, 'CİZRE', 73),
(873, 'GÜÇLÜKONAK', 73),
(874, 'İDİL', 73),
(875, 'MERKEZ', 73),
(876, 'SİLOPİ', 73),
(877, 'ULUDERE', 73),
(878, 'ÇERKEZKÖY', 59),
(879, 'ÇORLU', 59),
(880, 'ERGENE', 59),
(881, 'HAYRABOLU', 59),
(882, 'KAPAKLI', 59),
(883, 'MALKARA', 59),
(884, 'MARMARAEREĞLİSİ', 59),
(885, 'MURATLI', 59),
(886, 'SARAY', 59),
(887, 'SÜLEYMANPAŞA', 59),
(888, 'ŞARKÖY', 59),
(889, 'ALMUS', 60),
(890, 'ARTOVA', 60),
(891, 'BAŞÇİFTLİK', 60),
(892, 'ERBAA', 60),
(893, 'MERKEZ', 60),
(894, 'NİKSAR', 60),
(895, 'PAZAR', 60),
(896, 'REŞADİYE', 60),
(897, 'SULUSARAY', 60),
(898, 'TURHAL', 60),
(899, 'YEŞİLYURT', 60),
(900, 'ZİLE', 60),
(901, 'AKÇAABAT', 61),
(902, 'ARAKLI', 61),
(903, 'ARSİN', 61),
(904, 'BEŞİKDÜZÜ', 61),
(905, 'ÇARŞIBAŞI', 61),
(906, 'ÇAYKARA', 61),
(907, 'DERNEKPAZARI', 61),
(908, 'DÜZKÖY', 61),
(909, 'HAYRAT', 61),
(910, 'KÖPRÜBAŞI', 61),
(911, 'MAÇKA', 61),
(912, 'OF', 61),
(913, 'ORTAHİSAR', 61),
(914, 'SÜRMENE', 61),
(915, 'ŞALPAZARI', 61),
(916, 'TONYA', 61),
(917, 'VAKFIKEBİR', 61),
(918, 'YOMRA', 61),
(919, 'ÇEMİŞGEZEK', 62),
(920, 'HOZAT', 62),
(921, 'MAZGİRT', 62),
(922, 'MERKEZ', 62),
(923, 'NAZIMİYE', 62),
(924, 'OVACIK', 62),
(925, 'PERTEK', 62),
(926, 'PÜLÜMÜR', 62),
(927, 'BANAZ', 64),
(928, 'EŞME', 64),
(929, 'KARAHALLI', 64),
(930, 'MERKEZ', 64),
(931, 'SİVASLI', 64),
(932, 'ULUBEY', 64),
(933, 'BAHÇESARAY', 65),
(934, 'BAŞKALE', 65),
(935, 'ÇALDIRAN', 65),
(936, 'ÇATAK', 65),
(937, 'EDREMİT', 65),
(938, 'ERCİŞ', 65),
(939, 'GEVAŞ', 65),
(940, 'GÜRPINAR', 65),
(941, 'İPEKYOLU', 65),
(942, 'MURADİYE', 65),
(943, 'ÖZALP', 65),
(944, 'SARAY', 65),
(945, 'TUŞBA', 65),
(946, 'ALTINOVA', 77),
(947, 'ARMUTLU', 77),
(948, 'ÇINARCIK', 77),
(949, 'ÇİFTLİKKÖY', 77),
(950, 'MERKEZ', 77),
(951, 'TERMAL', 77),
(952, 'AKDAĞMADENİ', 66),
(953, 'AYDINCIK', 66),
(954, 'BOĞAZLIYAN', 66),
(955, 'ÇANDIR', 66),
(956, 'ÇAYIRALAN', 66),
(957, 'ÇEKEREK', 66),
(958, 'KADIŞEHRİ', 66),
(959, 'MERKEZ', 66),
(960, 'SARAYKENT', 66),
(961, 'SARIKAYA', 66),
(962, 'SORGUN', 66),
(963, 'ŞEFAATLİ', 66),
(964, 'YENİFAKILI', 66),
(965, 'YERKÖY', 66),
(966, 'ALAPLI', 67),
(967, 'ÇAYCUMA', 67),
(968, 'DEVREK', 67),
(969, 'EREĞLİ', 67),
(970, 'GÖKÇEBEY', 67),
(971, 'KİLİMLİ', 67),
(972, 'KOZLU', 67),
(973, 'MERKEZ', 67),
(974, 'ALADAĞ', 1),
(975, 'CEYHAN', 1),
(976, 'ÇUKUROVA', 1),
(977, 'FEKE', 1),
(978, 'İMAMOĞLU', 1),
(979, 'KARAİSALI', 1),
(980, 'KARATAŞ', 1),
(981, 'KOZAN', 1),
(982, 'POZANTI', 1),
(983, 'SAİMBEYLİ', 1),
(984, 'SARIÇAM', 1),
(985, 'SEYHAN', 1),
(986, 'TUFANBEYLİ', 1),
(987, 'YUMURTALIK', 1),
(988, 'YÜREĞİR', 1),
(989, 'BESNİ', 2),
(990, 'ÇELİKHAN', 2),
(991, 'GERGER', 2),
(992, 'GÖLBAŞI', 2),
(993, 'KAHTA', 2),
(994, 'MERKEZ', 2),
(995, 'SAMSAT', 2),
(996, 'SİNCİK', 2),
(997, 'TUT', 2),
(998, 'BAŞMAKÇI', 3),
(999, 'BAYAT', 3),
(1000, 'BOLVADİN', 3),
(1001, 'ÇAY', 3),
(1002, 'ÇOBANLAR', 3),
(1003, 'DAZKIRI', 3),
(1004, 'DİNAR', 3),
(1005, 'EMİRDAĞ', 3),
(1006, 'EVCİLER', 3),
(1007, 'HOCALAR', 3),
(1008, 'İHSANİYE', 3),
(1009, 'İSCEHİSAR', 3),
(1010, 'KIZILÖREN', 3),
(1011, 'MERKEZ', 3),
(1012, 'SANDIKLI', 3),
(1013, 'SİNANPAŞA', 3),
(1014, 'SULTANDAĞI', 3),
(1015, 'ŞUHUT', 3),
(1016, 'DİYADİN', 4),
(1017, 'DOĞUBAYAZIT', 4),
(1018, 'ELEŞKİRT', 4),
(1019, 'HAMUR', 4),
(1020, 'MERKEZ', 4),
(1021, 'PATNOS', 4),
(1022, 'TAŞLIÇAY', 4),
(1023, 'TUTAK', 4),
(1024, 'AĞAÇÖREN', 68),
(1025, 'ESKİL', 68),
(1026, 'GÜLAĞAÇ', 68),
(1027, 'GÜZELYURT', 68),
(1028, 'MERKEZ', 68),
(1029, 'ORTAKÖY', 68),
(1030, 'SARIYAHŞİ', 68),
(1031, 'SULTANHANI', 68),
(1032, 'GÖYNÜCEK', 5),
(1033, 'GÜMÜŞHACIKÖY', 5),
(1034, 'HAMAMÖZÜ', 5),
(1035, 'MERKEZ', 5),
(1036, 'MERZİFON', 5),
(1037, 'SULUOVA', 5),
(1038, 'TAŞOVA', 5),
(1039, 'AKYURT', 6),
(1040, 'ALTINDAĞ', 6),
(1041, 'AYAŞ', 6),
(1042, 'BALA', 6),
(1043, 'BEYPAZARI', 6),
(1044, 'ÇAMLIDERE', 6),
(1045, 'ÇANKAYA', 6),
(1046, 'ÇUBUK', 6),
(1047, 'ELMADAĞ', 6),
(1048, 'ETİMESGUT', 6),
(1049, 'EVREN', 6),
(1050, 'GÖLBAŞI', 6),
(1051, 'GÜDÜL', 6),
(1052, 'HAYMANA', 6),
(1053, 'KAHRAMANKAZAN', 6),
(1054, 'KALECİK', 6),
(1055, 'KEÇİÖREN', 6),
(1056, 'KIZILCAHAMAM', 6),
(1057, 'MAMAK', 6),
(1058, 'NALLIHAN', 6),
(1059, 'POLATLI', 6),
(1060, 'PURSAKLAR', 6),
(1061, 'SİNCAN', 6),
(1062, 'ŞEREFLİKOÇHİSAR', 6),
(1063, 'YENİMAHALLE', 6),
(1064, 'AKSEKİ', 7),
(1065, 'AKSU', 7),
(1066, 'ALANYA', 7),
(1067, 'DEMRE', 7),
(1068, 'DÖŞEMEALTI', 7),
(1069, 'ELMALI', 7),
(1070, 'FİNİKE', 7),
(1071, 'GAZİPAŞA', 7),
(1072, 'GÜNDOĞMUŞ', 7),
(1073, 'İBRADI', 7),
(1074, 'KAŞ', 7),
(1075, 'KEMER', 7),
(1076, 'KEPEZ', 7),
(1077, 'KONYAALTI', 7),
(1078, 'KORKUTELİ', 7),
(1079, 'KUMLUCA', 7),
(1080, 'MANAVGAT', 7),
(1081, 'MURATPAŞA', 7),
(1082, 'SERİK', 7),
(1083, 'ÇILDIR', 75),
(1084, 'DAMAL', 75),
(1085, 'GÖLE', 75),
(1086, 'HANAK', 75),
(1087, 'MERKEZ', 75),
(1088, 'POSOF', 75),
(1089, 'ARDANUÇ', 8),
(1090, 'ARHAVİ', 8),
(1091, 'BORÇKA', 8),
(1092, 'HOPA', 8),
(1093, 'KEMALPAŞA', 8),
(1094, 'MERKEZ', 8),
(1095, 'MURGUL', 8),
(1096, 'ŞAVŞAT', 8),
(1097, 'YUSUFELİ', 8),
(1098, 'BOZDOĞAN', 9),
(1099, 'BUHARKENT', 9),
(1100, 'ÇİNE', 9),
(1101, 'DİDİM', 9),
(1102, 'EFELER', 9),
(1103, 'GERMENCİK', 9),
(1104, 'İNCİRLİOVA', 9),
(1105, 'KARACASU', 9),
(1106, 'KARPUZLU', 9),
(1107, 'KOÇARLI', 9),
(1108, 'KÖŞK', 9),
(1109, 'KUŞADASI', 9),
(1110, 'KUYUCAK', 9),
(1111, 'NAZİLLİ', 9),
(1112, 'SÖKE', 9),
(1113, 'SULTANHİSAR', 9),
(1114, 'YENİPAZAR', 9),
(1115, 'ALTIEYLÜL', 10),
(1116, 'AYVALIK', 10),
(1117, 'BALYA', 10),
(1118, 'BANDIRMA', 10),
(1119, 'BİGADİÇ', 10),
(1120, 'BURHANİYE', 10),
(1121, 'DURSUNBEY', 10),
(1122, 'EDREMİT', 10),
(1123, 'ERDEK', 10),
(1124, 'GÖMEÇ', 10),
(1125, 'GÖNEN', 10),
(1126, 'HAVRAN', 10),
(1127, 'İVRİNDİ', 10),
(1128, 'KARESİ', 10),
(1129, 'KEPSUT', 10),
(1130, 'MANYAS', 10),
(1131, 'MARMARA', 10),
(1132, 'SAVAŞTEPE', 10),
(1133, 'SINDIRGI', 10),
(1134, 'SUSURLUK', 10),
(1135, 'AMASRA', 74),
(1136, 'KURUCAŞİLE', 74),
(1137, 'MERKEZ', 74),
(1138, 'ULUS', 74),
(1139, 'BEŞİRİ', 72),
(1140, 'GERCÜŞ', 72),
(1141, 'HASANKEYF', 72),
(1142, 'KOZLUK', 72),
(1143, 'MERKEZ', 72),
(1144, 'SASON', 72),
(1145, 'AYDINTEPE', 69),
(1146, 'DEMİRÖZÜ', 69),
(1147, 'MERKEZ', 69),
(1148, 'BOZÜYÜK', 11),
(1149, 'GÖLPAZARI', 11),
(1150, 'İNHİSAR', 11),
(1151, 'MERKEZ', 11),
(1152, 'OSMANELİ', 11),
(1153, 'PAZARYERİ', 11),
(1154, 'SÖĞÜT', 11),
(1155, 'YENİPAZAR', 11),
(1156, 'ADAKLI', 12),
(1157, 'GENÇ', 12),
(1158, 'KARLIOVA', 12),
(1159, 'KİĞI', 12),
(1160, 'MERKEZ', 12),
(1161, 'SOLHAN', 12),
(1162, 'YAYLADERE', 12),
(1163, 'YEDİSU', 12),
(1164, 'ADİLCEVAZ', 13),
(1165, 'AHLAT', 13),
(1166, 'GÜROYMAK', 13),
(1167, 'HİZAN', 13),
(1168, 'MERKEZ', 13),
(1169, 'MUTKİ', 13),
(1170, 'TATVAN', 13),
(1171, 'DÖRTDİVAN', 14),
(1172, 'GEREDE', 14),
(1173, 'GÖYNÜK', 14),
(1174, 'KIBRISCIK', 14),
(1175, 'MENGEN', 14),
(1176, 'MERKEZ', 14),
(1177, 'MUDURNU', 14),
(1178, 'SEBEN', 14),
(1179, 'YENİÇAĞA', 14),
(1180, 'AĞLASUN', 15),
(1181, 'ALTINYAYLA', 15),
(1182, 'BUCAK', 15),
(1183, 'ÇAVDIR', 15),
(1184, 'ÇELTİKÇİ', 15),
(1185, 'GÖLHİSAR', 15),
(1186, 'KARAMANLI', 15),
(1187, 'KEMER', 15),
(1188, 'MERKEZ', 15),
(1189, 'TEFENNİ', 15),
(1190, 'YEŞİLOVA', 15),
(1191, 'BÜYÜKORHAN', 16),
(1192, 'GEMLİK', 16),
(1193, 'GÜRSU', 16),
(1194, 'HARMANCIK', 16),
(1195, 'İNEGÖL', 16),
(1196, 'İZNİK', 16),
(1197, 'KARACABEY', 16),
(1198, 'KELES', 16),
(1199, 'KESTEL', 16),
(1200, 'MUDANYA', 16),
(1201, 'MUSTAFAKEMALPAŞA', 16),
(1202, 'NİLÜFER', 16),
(1203, 'ORHANELİ', 16),
(1204, 'ORHANGAZİ', 16),
(1205, 'OSMANGAZİ', 16),
(1206, 'YENİŞEHİR', 16),
(1207, 'YILDIRIM', 16),
(1208, 'AYVACIK', 17),
(1209, 'BAYRAMİÇ', 17),
(1210, 'BİGA', 17),
(1211, 'BOZCAADA', 17),
(1212, 'ÇAN', 17),
(1213, 'ECEABAT', 17),
(1214, 'EZİNE', 17),
(1215, 'GELİBOLU', 17),
(1216, 'GÖKÇEADA', 17),
(1217, 'LAPSEKİ', 17),
(1218, 'MERKEZ', 17),
(1219, 'YENİCE', 17),
(1220, 'ATKARACALAR', 18),
(1221, 'BAYRAMÖREN', 18),
(1222, 'ÇERKEŞ', 18),
(1223, 'ELDİVAN', 18),
(1224, 'ILGAZ', 18),
(1225, 'KIZILIRMAK', 18),
(1226, 'KORGUN', 18),
(1227, 'KURŞUNLU', 18),
(1228, 'MERKEZ', 18),
(1229, 'ORTA', 18),
(1230, 'ŞABANÖZÜ', 18),
(1231, 'YAPRAKLI', 18),
(1232, 'ALACA', 19),
(1233, 'BAYAT', 19),
(1234, 'BOĞAZKALE', 19),
(1235, 'DODURGA', 19),
(1236, 'İSKİLİP', 19),
(1237, 'KARGI', 19),
(1238, 'LAÇİN', 19),
(1239, 'MECİTÖZÜ', 19),
(1240, 'MERKEZ', 19),
(1241, 'OĞUZLAR', 19),
(1242, 'ORTAKÖY', 19),
(1243, 'OSMANCIK', 19),
(1244, 'SUNGURLU', 19),
(1245, 'UĞURLUDAĞ', 19),
(1246, 'ACIPAYAM', 20),
(1247, 'BABADAĞ', 20),
(1248, 'BAKLAN', 20),
(1249, 'BEKİLLİ', 20),
(1250, 'BEYAĞAÇ', 20),
(1251, 'BOZKURT', 20),
(1252, 'BULDAN', 20),
(1253, 'ÇAL', 20),
(1254, 'ÇAMELİ', 20),
(1255, 'ÇARDAK', 20),
(1256, 'ÇİVRİL', 20),
(1257, 'GÜNEY', 20),
(1258, 'HONAZ', 20),
(1259, 'KALE', 20),
(1260, 'MERKEZEFENDİ', 20),
(1261, 'PAMUKKALE', 20),
(1262, 'SARAYKÖY', 20),
(1263, 'SERİNHİSAR', 20),
(1264, 'TAVAS', 20),
(1265, 'BAĞLAR', 21),
(1266, 'BİSMİL', 21),
(1267, 'ÇERMİK', 21),
(1268, 'ÇINAR', 21),
(1269, 'ÇÜNGÜŞ', 21),
(1270, 'DİCLE', 21),
(1271, 'EĞİL', 21),
(1272, 'ERGANİ', 21),
(1273, 'HANİ', 21),
(1274, 'HAZRO', 21),
(1275, 'KAYAPINAR', 21),
(1276, 'KOCAKÖY', 21),
(1277, 'KULP', 21),
(1278, 'LİCE', 21),
(1279, 'SİLVAN', 21),
(1280, 'SUR', 21),
(1281, 'YENİŞEHİR', 21),
(1282, 'AKÇAKOCA', 81),
(1283, 'CUMAYERİ', 81),
(1284, 'ÇİLİMLİ', 81),
(1285, 'GÖLYAKA', 81),
(1286, 'GÜMÜŞOVA', 81),
(1287, 'KAYNAŞLI', 81),
(1288, 'MERKEZ', 81),
(1289, 'YIĞILCA', 81),
(1290, 'ENEZ', 22),
(1291, 'HAVSA', 22),
(1292, 'İPSALA', 22),
(1293, 'KEŞAN', 22),
(1294, 'LALAPAŞA', 22),
(1295, 'MERİÇ', 22),
(1296, 'MERKEZ', 22),
(1297, 'SÜLOĞLU', 22),
(1298, 'UZUNKÖPRÜ', 22),
(1299, 'AĞIN', 23),
(1300, 'ALACAKAYA', 23),
(1301, 'ARICAK', 23),
(1302, 'BASKİL', 23),
(1303, 'KARAKOÇAN', 23),
(1304, 'KEBAN', 23),
(1305, 'KOVANCILAR', 23),
(1306, 'MADEN', 23),
(1307, 'MERKEZ', 23),
(1308, 'PALU', 23),
(1309, 'SİVRİCE', 23),
(1310, 'ÇAYIRLI', 24),
(1311, 'İLİÇ', 24),
(1312, 'KEMAH', 24),
(1313, 'KEMALİYE', 24),
(1314, 'MERKEZ', 24),
(1315, 'OTLUKBELİ', 24),
(1316, 'REFAHİYE', 24),
(1317, 'TERCAN', 24),
(1318, 'ÜZÜMLÜ', 24),
(1319, 'AŞKALE', 25),
(1320, 'AZİZİYE', 25),
(1321, 'ÇAT', 25),
(1322, 'HINIS', 25),
(1323, 'HORASAN', 25),
(1324, 'İSPİR', 25),
(1325, 'KARAÇOBAN', 25),
(1326, 'KARAYAZI', 25),
(1327, 'KÖPRÜKÖY', 25),
(1328, 'NARMAN', 25),
(1329, 'OLTU', 25),
(1330, 'OLUR', 25),
(1331, 'PALANDÖKEN', 25),
(1332, 'PASİNLER', 25),
(1333, 'PAZARYOLU', 25),
(1334, 'ŞENKAYA', 25),
(1335, 'TEKMAN', 25),
(1336, 'TORTUM', 25),
(1337, 'UZUNDERE', 25),
(1338, 'YAKUTİYE', 25),
(1339, 'ALPU', 26),
(1340, 'BEYLİKOVA', 26),
(1341, 'ÇİFTELER', 26),
(1342, 'GÜNYÜZÜ', 26),
(1343, 'HAN', 26),
(1344, 'İNÖNÜ', 26),
(1345, 'MAHMUDİYE', 26),
(1346, 'MİHALGAZİ', 26),
(1347, 'MİHALIÇÇIK', 26),
(1348, 'ODUNPAZARI', 26),
(1349, 'SARICAKAYA', 26),
(1350, 'SEYİTGAZİ', 26),
(1351, 'SİVRİHİSAR', 26),
(1352, 'TEPEBAŞI', 26),
(1353, 'ARABAN', 27),
(1354, 'İSLAHİYE', 27),
(1355, 'KARKAMIŞ', 27),
(1356, 'NİZİP', 27),
(1357, 'NURDAĞI', 27),
(1358, 'OĞUZELİ', 27),
(1359, 'ŞAHİNBEY', 27),
(1360, 'ŞEHİTKAMİL', 27),
(1361, 'YAVUZELİ', 27),
(1362, 'ALUCRA', 28),
(1363, 'BULANCAK', 28),
(1364, 'ÇAMOLUK', 28),
(1365, 'ÇANAKÇI', 28),
(1366, 'DERELİ', 28),
(1367, 'DOĞANKENT', 28),
(1368, 'ESPİYE', 28),
(1369, 'EYNESİL', 28),
(1370, 'GÖRELE', 28),
(1371, 'GÜCE', 28),
(1372, 'KEŞAP', 28),
(1373, 'MERKEZ', 28),
(1374, 'PİRAZİZ', 28),
(1375, 'ŞEBİNKARAHİSAR', 28),
(1376, 'TİREBOLU', 28),
(1377, 'YAĞLIDERE', 28),
(1378, 'KELKİT', 29),
(1379, 'KÖSE', 29),
(1380, 'KÜRTÜN', 29),
(1381, 'MERKEZ', 29),
(1382, 'ŞİRAN', 29),
(1383, 'TORUL', 29),
(1384, 'ÇUKURCA', 30),
(1385, 'DERECİK', 30),
(1386, 'MERKEZ', 30),
(1387, 'ŞEMDİNLİ', 30),
(1388, 'YÜKSEKOVA', 30),
(1389, 'ALTINÖZÜ', 31),
(1390, 'ANTAKYA', 31),
(1391, 'ARSUZ', 31),
(1392, 'BELEN', 31),
(1393, 'DEFNE', 31),
(1394, 'DÖRTYOL', 31),
(1395, 'ERZİN', 31),
(1396, 'HASSA', 31),
(1397, 'İSKENDERUN', 31),
(1398, 'KIRIKHAN', 31),
(1399, 'KUMLU', 31),
(1400, 'PAYAS', 31),
(1401, 'REYHANLI', 31),
(1402, 'SAMANDAĞ', 31),
(1403, 'YAYLADAĞI', 31),
(1404, 'ARALIK', 76),
(1405, 'KARAKOYUNLU', 76),
(1406, 'MERKEZ', 76),
(1407, 'TUZLUCA', 76),
(1408, 'AKSU', 32),
(1409, 'ATABEY', 32),
(1410, 'EĞİRDİR', 32),
(1411, 'GELENDOST', 32),
(1412, 'GÖNEN', 32),
(1413, 'KEÇİBORLU', 32),
(1414, 'MERKEZ', 32),
(1415, 'SENİRKENT', 32),
(1416, 'SÜTÇÜLER', 32),
(1417, 'ŞARKİKARAAĞAÇ', 32),
(1418, 'ULUBORLU', 32),
(1419, 'YALVAÇ', 32),
(1420, 'YENİŞARBADEMLİ', 32),
(1421, 'ADALAR', 34),
(1422, 'ARNAVUTKÖY', 34),
(1423, 'ATAŞEHİR', 34),
(1424, 'AVCILAR', 34),
(1425, 'BAĞCILAR', 34),
(1426, 'BAHÇELİEVLER', 34),
(1427, 'BAKIRKÖY', 34),
(1428, 'BAŞAKŞEHİR', 34),
(1429, 'BAYRAMPAŞA', 34),
(1430, 'BEŞİKTAŞ', 34),
(1431, 'BEYKOZ', 34),
(1432, 'BEYLİKDÜZÜ', 34),
(1433, 'BEYOĞLU', 34),
(1434, 'BÜYÜKÇEKMECE', 34),
(1435, 'ÇATALCA', 34),
(1436, 'ÇEKMEKÖY', 34),
(1437, 'ESENLER', 34),
(1438, 'ESENYURT', 34),
(1439, 'EYÜPSULTAN', 34),
(1440, 'FATİH', 34),
(1441, 'GAZİOSMANPAŞA', 34),
(1442, 'GÜNGÖREN', 34),
(1443, 'KADIKÖY', 34),
(1444, 'KAĞITHANE', 34),
(1445, 'KARTAL', 34),
(1446, 'KÜÇÜKÇEKMECE', 34),
(1447, 'MALTEPE', 34),
(1448, 'PENDİK', 34),
(1449, 'SANCAKTEPE', 34),
(1450, 'SARIYER', 34),
(1451, 'SİLİVRİ', 34),
(1452, 'SULTANBEYLİ', 34),
(1453, 'SULTANGAZİ', 34),
(1454, 'ŞİLE', 34),
(1455, 'ŞİŞLİ', 34),
(1456, 'TUZLA', 34),
(1457, 'ÜMRANİYE', 34),
(1458, 'ÜSKÜDAR', 34),
(1459, 'ZEYTİNBURNU', 34),
(1460, 'ALİAĞA', 35),
(1461, 'BALÇOVA', 35),
(1462, 'BAYINDIR', 35),
(1463, 'BAYRAKLI', 35),
(1464, 'BERGAMA', 35),
(1465, 'BEYDAĞ', 35),
(1466, 'BORNOVA', 35),
(1467, 'BUCA', 35),
(1468, 'ÇEŞME', 35),
(1469, 'ÇİĞLİ', 35),
(1470, 'DİKİLİ', 35),
(1471, 'FOÇA', 35),
(1472, 'GAZİEMİR', 35),
(1473, 'GÜZELBAHÇE', 35),
(1474, 'KARABAĞLAR', 35),
(1475, 'KARABURUN', 35),
(1476, 'KARŞIYAKA', 35),
(1477, 'KEMALPAŞA', 35),
(1478, 'KINIK', 35),
(1479, 'KİRAZ', 35),
(1480, 'KONAK', 35),
(1481, 'MENDERES', 35),
(1482, 'MENEMEN', 35),
(1483, 'NARLIDERE', 35),
(1484, 'ÖDEMİŞ', 35),
(1485, 'SEFERİHİSAR', 35),
(1486, 'SELÇUK', 35),
(1487, 'TİRE', 35),
(1488, 'TORBALI', 35),
(1489, 'URLA', 35),
(1490, 'AFŞİN', 46),
(1491, 'ANDIRIN', 46),
(1492, 'ÇAĞLAYANCERİT', 46),
(1493, 'DULKADİROĞLU', 46),
(1494, 'EKİNÖZÜ', 46),
(1495, 'ELBİSTAN', 46),
(1496, 'GÖKSUN', 46),
(1497, 'NURHAK', 46),
(1498, 'ONİKİŞUBAT', 46),
(1499, 'PAZARCIK', 46),
(1500, 'TÜRKOĞLU', 46),
(1501, 'EFLANİ', 78),
(1502, 'ESKİPAZAR', 78),
(1503, 'MERKEZ', 78),
(1504, 'OVACIK', 78),
(1505, 'SAFRANBOLU', 78),
(1506, 'YENİCE', 78),
(1507, 'AYRANCI', 70),
(1508, 'BAŞYAYLA', 70),
(1509, 'ERMENEK', 70),
(1510, 'KAZIMKARABEKİR', 70),
(1511, 'MERKEZ', 70),
(1512, 'SARIVELİLER', 70),
(1513, 'AKYAKA', 36),
(1514, 'ARPAÇAY', 36),
(1515, 'DİGOR', 36),
(1516, 'KAĞIZMAN', 36),
(1517, 'MERKEZ', 36),
(1518, 'SARIKAMIŞ', 36),
(1519, 'SELİM', 36),
(1520, 'SUSUZ', 36),
(1521, 'ABANA', 37),
(1522, 'AĞLI', 37),
(1523, 'ARAÇ', 37),
(1524, 'AZDAVAY', 37),
(1525, 'BOZKURT', 37),
(1526, 'CİDE', 37),
(1527, 'ÇATALZEYTİN', 37),
(1528, 'DADAY', 37),
(1529, 'DEVREKANİ', 37),
(1530, 'DOĞANYURT', 37),
(1531, 'HANÖNÜ', 37),
(1532, 'İHSANGAZİ', 37),
(1533, 'İNEBOLU', 37),
(1534, 'KÜRE', 37),
(1535, 'MERKEZ', 37),
(1536, 'PINARBAŞI', 37),
(1537, 'SEYDİLER', 37),
(1538, 'ŞENPAZAR', 37),
(1539, 'TAŞKÖPRÜ', 37),
(1540, 'TOSYA', 37),
(1541, 'AKKIŞLA', 38),
(1542, 'BÜNYAN', 38),
(1543, 'DEVELİ', 38),
(1544, 'FELAHİYE', 38),
(1545, 'HACILAR', 38),
(1546, 'İNCESU', 38),
(1547, 'KOCASİNAN', 38),
(1548, 'MELİKGAZİ', 38),
(1549, 'ÖZVATAN', 38),
(1550, 'PINARBAŞI', 38),
(1551, 'SARIOĞLAN', 38),
(1552, 'SARIZ', 38),
(1553, 'TALAS', 38),
(1554, 'TOMARZA', 38),
(1555, 'YAHYALI', 38),
(1556, 'YEŞİLHİSAR', 38),
(1557, 'BAHŞILI', 71),
(1558, 'BALIŞEYH', 71),
(1559, 'ÇELEBİ', 71),
(1560, 'DELİCE', 71),
(1561, 'KARAKEÇİLİ', 71),
(1562, 'KESKİN', 71),
(1563, 'MERKEZ', 71),
(1564, 'SULAKYURT', 71),
(1565, 'YAHŞİHAN', 71),
(1566, 'BABAESKİ', 39),
(1567, 'DEMİRKÖY', 39),
(1568, 'KOFÇAZ', 39),
(1569, 'LÜLEBURGAZ', 39),
(1570, 'MERKEZ', 39),
(1571, 'PEHLİVANKÖY', 39),
(1572, 'PINARHİSAR', 39),
(1573, 'VİZE', 39),
(1574, 'AKÇAKENT', 40),
(1575, 'AKPINAR', 40),
(1576, 'BOZTEPE', 40),
(1577, 'ÇİÇEKDAĞI', 40),
(1578, 'KAMAN', 40),
(1579, 'MERKEZ', 40),
(1580, 'MUCUR', 40);

-- --------------------------------------------------------

--
-- Tablo için tablo yapısı `users`
--

CREATE TABLE `users` (
  `user_id` int(11) NOT NULL,
  `user_first_name` varchar(255) COLLATE utf8_turkish_ci NOT NULL,
  `user_last_name` varchar(255) COLLATE utf8_turkish_ci NOT NULL,
  `user_mail` varchar(255) COLLATE utf8_turkish_ci NOT NULL,
  `user_password` varchar(255) COLLATE utf8_turkish_ci NOT NULL,
  `user_login_type` varchar(1) COLLATE utf8_turkish_ci NOT NULL,
  `user_info` longtext COLLATE utf8_turkish_ci NOT NULL,
  `user_register_date` date NOT NULL,
  `user_veritification` tinyint(1) NOT NULL,
  `user_veritification_code` varchar(6) COLLATE utf8_turkish_ci NOT NULL,
  `user_veritification_validity` datetime NOT NULL,
  `user_veritification_try` varchar(1) COLLATE utf8_turkish_ci NOT NULL,
  `user_nickname` varchar(55) COLLATE utf8_turkish_ci NOT NULL,
  `user_deleted` tinyint(1) NOT NULL
) ENGINE=InnoDB DEFAULT CHARSET=utf8 COLLATE=utf8_turkish_ci;

--
-- Tablo döküm verisi `users`
--

INSERT INTO `users` (`user_id`, `user_first_name`, `user_last_name`, `user_mail`, `user_password`, `user_login_type`, `user_info`, `user_register_date`, `user_veritification`, `user_veritification_code`, `user_veritification_validity`, `user_veritification_try`, `user_nickname`, `user_deleted`) VALUES
(38, 'Saadettin', 'Dursun', 'eNLLeuZWnuOydQepNoo9M9u8Lsi+sQfsKhG7', 'OoKYLLAR', '2', '{\"user_info\":{\"birthday\":\"2000-05-01\",\"phone\":\"05394940123\",\"city\":\"Bursa\",\"town\":\"İnegöl\",\"photo\":\"uploads/64ec7cf0918ed-saadettin-dursun.jpg\"},\"status\":{\"job\":\"Özel Sektör\",\"education\":\"Önlisans\"},\"bio\":{\"desc\":\"Yazılımla ilgileniyorum.\",\"short_desc\":\"Backend Developer\",\"cv\":\"\"},\"tag\":\"Backend,Photoshop,Angular\",\"asama\":\"6\"}', '2023-08-28', 1, '515143', '2023-08-28 12:52:14', '3', 'sado', 0),
(40, 'cihan', 'bayrak', 'aNrCf+1ijee9Mg/yJ5Yl', 'OoKYLLAR', '0', '{\"user_info\":{\"birthday\":\"\",\"phone\":\"\",\"city\":\"\",\"town\":\"\",\"photo\":\"\"},\"status\":{\"job\":\"\",\"education\":\"\"},\"bio\":{\"desc\":\"\",\"short_desc\":\"\",\"cv\":\"\"},\"tag\":\"\",\"asama\":\"1\"}', '2023-11-05', 0, '621466', '2023-11-05 05:24:47', '3', 'nickname', 0),
(43, 'Saadettin', 'Dursun', 'eNLLeuZWnuOydQepNoo9M9m8Lsi+sQfsKhG7', 'OoKYLLAR', '1', '{\"user_info\":{\"birthday\":\"\",\"phone\":\"\",\"city\":\"\",\"town\":\"\",\"photo\":\"\"},\"status\":{\"job\":\"\",\"education\":\"\"},\"bio\":{\"desc\":\"\",\"short_desc\":\"\",\"cv\":\"\"},\"tag\":\"\",\"asama\":\"2\"}', '2023-11-13', 1, '178340', '2023-11-13 07:32:04', '3', 'sado1', 0),
(44, 'Ariane', 'Grande', 'b9bEe+5Hqu2xOgqwaponMA==', 'OoKYLLAR', '2', '{\"user_info\":{\"birthday\":\"1995-01-01\",\"phone\":\"0553351112\",\"city\":\"16\",\"town\":\"İNEGÖL\",\"photo\":\"uploads/655f9ac3f3e9e-round_profil_picture_after_.png\"},\"status\":{\"job\":\"Çalışmıyorum\",\"education\":\"Yüksek Lisans\"},\"bio\":{\"desc\":\"ben geldim hoş geldim\",\"short_desc\":\"selam aşkolar\",\"cv\":\"\"},\"tag\":\"Backend,Frontend,Photoshop,Angular,Php,Premier Pro\",\"asama\":\"6\"}', '2023-11-23', 1, '581704', '2023-11-23 07:30:47', '2', 'ariana', 0),
(45, 'deneme', 'deneme', 'b9bEe+5Hque9Mg/yJ5Yl', 'OoKYLLAR', '2', '{\"user_info\":{\"birthday\":\"2000-01-01\",\"phone\":\"05394940125\",\"city\":\"17\",\"town\":\"ÇAN\",\"photo\":\"uploads/656105bcb50af-59632b221414a8e64b01de2948d15fc0.jpg\"},\"status\":{\"job\":\"Çalışmıyorum\",\"education\":\"Yüksek Lisans\"},\"bio\":{\"desc\":\"selamlar\",\"short_desc\":\"naber\",\"cv\":\"\"},\"tag\":\"Backend,Frontend,Photoshop,Angular,Php,Premier Pro\",\"asama\":\"6\"}', '2023-11-24', 1, '821465', '2023-11-24 09:20:27', '3', 'deneme', 0);

--
-- Dökümü yapılmış tablolar için indeksler
--

--
-- Tablo için indeksler `city`
--
ALTER TABLE `city`
  ADD PRIMARY KEY (`id`);

--
-- Tablo için indeksler `follow`
--
ALTER TABLE `follow`
  ADD PRIMARY KEY (`follow_id`);

--
-- Tablo için indeksler `post`
--
ALTER TABLE `post`
  ADD PRIMARY KEY (`post_id`);

--
-- Tablo için indeksler `project`
--
ALTER TABLE `project`
  ADD PRIMARY KEY (`project_id`);

--
-- Tablo için indeksler `tags`
--
ALTER TABLE `tags`
  ADD PRIMARY KEY (`tag_id`);

--
-- Tablo için indeksler `town`
--
ALTER TABLE `town`
  ADD PRIMARY KEY (`id`);

--
-- Tablo için indeksler `users`
--
ALTER TABLE `users`
  ADD PRIMARY KEY (`user_id`);

--
-- Dökümü yapılmış tablolar için AUTO_INCREMENT değeri
--

--
-- Tablo için AUTO_INCREMENT değeri `city`
--
ALTER TABLE `city`
  MODIFY `id` int(11) NOT NULL AUTO_INCREMENT, AUTO_INCREMENT=82;

--
-- Tablo için AUTO_INCREMENT değeri `follow`
--
ALTER TABLE `follow`
  MODIFY `follow_id` int(11) NOT NULL AUTO_INCREMENT, AUTO_INCREMENT=56;

--
-- Tablo için AUTO_INCREMENT değeri `post`
--
ALTER TABLE `post`
  MODIFY `post_id` int(11) NOT NULL AUTO_INCREMENT, AUTO_INCREMENT=16;

--
-- Tablo için AUTO_INCREMENT değeri `project`
--
ALTER TABLE `project`
  MODIFY `project_id` int(11) NOT NULL AUTO_INCREMENT, AUTO_INCREMENT=8;

--
-- Tablo için AUTO_INCREMENT değeri `tags`
--
ALTER TABLE `tags`
  MODIFY `tag_id` int(11) NOT NULL AUTO_INCREMENT, AUTO_INCREMENT=7;

--
-- Tablo için AUTO_INCREMENT değeri `town`
--
ALTER TABLE `town`
  MODIFY `id` int(11) NOT NULL AUTO_INCREMENT, AUTO_INCREMENT=1581;

--
-- Tablo için AUTO_INCREMENT değeri `users`
--
ALTER TABLE `users`
  MODIFY `user_id` int(11) NOT NULL AUTO_INCREMENT, AUTO_INCREMENT=46;
COMMIT;

/*!40101 SET CHARACTER_SET_CLIENT=@OLD_CHARACTER_SET_CLIENT */;
/*!40101 SET CHARACTER_SET_RESULTS=@OLD_CHARACTER_SET_RESULTS */;
/*!40101 SET COLLATION_CONNECTION=@OLD_COLLATION_CONNECTION */;
